Event_Title,Event_URL
Camera Courses For Beginners - Week 3 of 3 - Coventry,https://www.alanranger.com/beginners-photography-lessons/camera-courses-for-beginners-week-3
Lightroom Classic Photo Editing Classes - Week 1 of 3 -3-9,https://www.alanranger.com/beginners-photography-lessons/lightroom-photo-editing-classes-wk1-rrkhn
Camera Courses For Beginners - Week 1 of 3 - Coventry - Sep,https://www.alanranger.com/beginners-photography-lessons/camera-courses-for-beginners-coventry-bds4t
Lightroom Classic Photo Editing Classes - Week 2 of 3 - 10/9,https://www.alanranger.com/beginners-photography-lessons/lightroom-photo-editing-classes-wk2-y3262
Camera Courses For Beginners - Week 1 of 3 - Coventry Sep,https://www.alanranger.com/beginners-photography-lessons/camera-courses-for-beginners-coventry-w5nkt
Camera Courses For Beginners - Week 2 of 3 - Coventry Sep,https://www.alanranger.com/beginners-photography-lessons/camera-courses-for-beginners-coventry-2sj27
Lightroom Classic Photo Editing Classes - Week 3 of 3 - 17-9,https://www.alanranger.com/beginners-photography-lessons/lightroom-photo-editing-classes-wk3-9b3t3
Camera Courses For Beginners - Week 2 of 3 - Coventry 9-18,https://www.alanranger.com/beginners-photography-lessons/camera-courses-for-beginners-coventry-dhecf
Camera Courses For Beginners - Week 3 of 3 - Coventry Sep,https://www.alanranger.com/beginners-photography-lessons/camera-courses-for-beginners-coventry-2k99k
Camera Courses For Beginners - Week 3 of 3 - Coventry 25-9,https://www.alanranger.com/beginners-photography-lessons/camera-courses-for-beginners-coventry-nzwzx
Camera Courses For Beginners - Week 1 of 3 - Coventry Oct,https://www.alanranger.com/beginners-photography-lessons/camera-courses-for-beginners-coventry-oct1
Camera Courses For Beginners - Week 1 of 3 - Coventry 6-10,https://www.alanranger.com/beginners-photography-lessons/camera-courses-for-beginners-coventry-zbcfe
Camera Courses For Beginners - Week 2 of 3 - Coventry Oct,https://www.alanranger.com/beginners-photography-lessons/camera-courses-for-beginners-coventry-oct2
Camera Courses For Beginners - Week 2 of 3 - Coventry 13-10,https://www.alanranger.com/beginners-photography-lessons/camera-courses-for-beginners-coventry-4pp2p
Camera Courses For Beginners - Week 3 of 3 - Coventry Oct,https://www.alanranger.com/beginners-photography-lessons/camera-courses-for-beginners-coventry-oct3
Camera Courses For Beginners - Week 3 of 3 - Coventry 20-10,https://www.alanranger.com/beginners-photography-lessons/camera-courses-for-beginners-coventry-8s2ka
Camera Courses For Beginners - Week 1 of 3 - Coventry Nov,https://www.alanranger.com/beginners-photography-lessons/camera-courses-for-beginners-coventry-8ar5x
Lightroom Classic Photo Editing Classes -Week 1 of 3 - 4-11,https://www.alanranger.com/beginners-photography-lessons/lightroom-photo-editing-classes-wk1
Camera Courses For Beginners - Week 2 of 3 - Coventry Nov,https://www.alanranger.com/beginners-photography-lessons/camera-courses-for-beginners-coventry-wc34j
Lightroom Classic Photo Editing Classes -Week 2 of 3 -11-11,https://www.alanranger.com/beginners-photography-lessons/lightroom-photo-editing-classes-wk2
Camera Courses For Beginners - Week 3 of 3 - Coventry Nov,https://www.alanranger.com/beginners-photography-lessons/camera-courses-for-beginners-coventry-3yj3h
Lightroom Classic Photo Editing Classes -Week 3 of 3 -18-11,https://www.alanranger.com/beginners-photography-lessons/lightroom-photo-editing-classes-wk3
Camera Courses For Beginners - Week 1 of 3 - Coventry 2-12,https://www.alanranger.com/beginners-photography-lessons/camera-courses-for-beginners-coventry-2n74k
Camera Courses For Beginners - Week 2 of 3 - Coventry 9-12,https://www.alanranger.com/beginners-photography-lessons/camera-courses-for-beginners-coventry-dg9pz
Camera Courses For Beginners - Week 3 of 3 - Coventry 16-12,https://www.alanranger.com/beginners-photography-lessons/camera-courses-for-beginners-coventry-nhjlm
Camera Courses For Beginners - Week 1 of 3 - Coventry Jan,https://www.alanranger.com/beginners-photography-lessons/camera-courses-for-beginners-coventry-wk1
Lightroom Classic Photo Editing Classes - Week 1 of 3 -7-1,https://www.alanranger.com/beginners-photography-lessons/lightroom-photo-editing-classes-wk1-kdh5k
Camera Courses For Beginners - Week 2 of 3 - Coventry Jan,https://www.alanranger.com/beginners-photography-lessons/camera-courses-for-beginners-coventry-
Lightroom Classic Photo Editing Classes - Week 2 of 3 - 14-1,https://www.alanranger.com/beginners-photography-lessons/lightroom-photo-editing-classes-wk2-n8l4l
Camera Courses For Beginners - Week 3 of 3 - Coventry Jan,https://www.alanranger.com/beginners-photography-lessons/camera-courses-for-beginners-coventry-be4sb
Lightroom Classic Photo Editing Classes - Week 3 of 3 - 21-1,https://www.alanranger.com/beginners-photography-lessons/lightroom-photo-editing-classes-wk3-7cd64
Camera Courses For Beginners - Week 2 of 3 - Coventry Jul,https://www.alanranger.com/beginners-photography-lessons/camera-courses-for-beginners-wk2
Camera Courses For Beginners - Week 1 of 3 - Coventry Jul,https://www.alanranger.com/beginners-photography-lessons/camera-courses-for-beginners-week-1
Camera Courses For Beginners - Week 3 of 3 - Coventry Jun,https://www.alanranger.com/beginners-photography-lessons/camera-courses-for-beginners-coventry-s2klg
Camera Courses For Beginners - Week 2 of 3 - Coventry Jun,https://www.alanranger.com/beginners-photography-lessons/camera-courses-for-beginners-coventry-hl4tm
Camera Courses For Beginners - Week 1 of 3 - Coventry Jun,https://www.alanranger.com/beginners-photography-lessons/camera-courses-for-beginners-coventry-7breh
Camera Courses For Beginners - Week 3 of 3 - Coventry -May,https://www.alanranger.com/beginners-photography-lessons/camera-courses-for-beginners-coventry-mw83l
Lightroom Classic Photo Editing Classes -Week 3 of 3 - 4-6,https://www.alanranger.com/beginners-photography-lessons/lightroom-photo-editing-classes-wk3-42ynf
RPS Courses - RPS Distinctions Course - Enrol Anytime - 4/6,https://www.alanranger.com/beginners-photography-lessons/rps-courses-rps-distinctions-mentoring-4
Camera Courses For Beginners - Week 2 of 3 - Coventry May,https://www.alanranger.com/beginners-photography-lessons/camera-courses-for-beginners-coventry-hnp3g
Lightroom Classic Photo Editing Classes -Week 2 of 3 - 28-5,https://www.alanranger.com/beginners-photography-lessons/lightroom-photo-editing-classes-wk2-55f3d
Camera Courses For Beginners - Week 1 of 3 - Coventry May,https://www.alanranger.com/beginners-photography-lessons/camera-courses-for-beginners-coventry-dfe
Lightroom Classic Photo Editing Classes -Week 1 of 3 -21-5,https://www.alanranger.com/beginners-photography-lessons/lightroom-photo-editing-classes-wk1-xx94r
RPS Courses - RPS Distinctions Course - Enrol Anytime-19/5,https://www.alanranger.com/beginners-photography-lessons/rps-courses-rps-distinctions-mentoring-5
RPS Courses - RPS Distinctions Course - Enrol Anytime -8/4,https://www.alanranger.com/beginners-photography-lessons/rps-courses-rps-distinctions-mentoring-1
RPS Courses - RPS Distinctions Course - Enrol Anytime - 6/3,https://www.alanranger.com/beginners-photography-lessons/rps-courses-rps-distinctions-mentoring-2
RPS Courses - RPS Distinctions Course - Enrol Anytime -12/2,https://www.alanranger.com/beginners-photography-lessons/rps-courses-rps-distinctions-mentoring-3
RPS Courses - RPS Distinctions Course - Enrol Anytime - 20/1,https://www.alanranger.com/beginners-photography-lessons/rps-courses-rps-distinctions-mentoring-6
