url,title,kind_override
https://www.alanranger.com/photographic-workshops-near-me,Landscape Photographic Workshops Near Me | UK | 2025-2026,event
https://www.alanranger.com/photographic-workshops-near-me/lavender-photography-workshop-sunset-19,Lavender Photography Workshop Gloucestershire at Sunset 4,event
https://www.alanranger.com/photographic-workshops-near-me/bluebell-photography-photo-workshop-warwickshire-01,Bluebell Photography Workshop | Warwickshire | 01 May,event
https://www.alanranger.com/photographic-workshops-near-me/bluebell-photography-photo-workshop-warwickshire-30,Bluebell Photography Workshop | Warwickshire | 30 Apr,event
https://www.alanranger.com/photographic-workshops-near-me/bluebell-photography-photo-workshop-warwickshire-29,Bluebell Photography Workshop | Warwickshire | 29 Apr,event
https://www.alanranger.com/photographic-workshops-near-me/woodland-photography-walk-coventry-cv4,Woodland Photography Walk - Coventry Tile Hill NR - Winter,event
https://www.alanranger.com/photographic-workshops-near-me/woodland-photography-walk-hay-woods,Woodland Photography Walk - Solihull - Hay Woods - Winter,event
https://www.alanranger.com/photographic-workshops-near-me/sunset-chesterton-windmill-spring-7gw7j-9akd5,Sunset Photographic Workshop - Chesterton Windmill 01-10,event
https://www.alanranger.com/photographic-workshops-near-me/sunset-chesterton-windmill-spring-7gw7j,Sunset Photographic Workshop - Chesterton Windmill 16-09,event
https://www.alanranger.com/photographic-workshops-near-me/sunset-chesterton-windmill-photography-workshop,Sunset Photography Workshop - Chesterton Windmill 18-5,event
https://www.alanranger.com/photographic-workshops-near-me/long-exposure-photo-workshop-sunset-kenilworth,Long Exposure Photo Workshop - Sunset - Kenilworth - Apr,event
https://www.alanranger.com/photographic-workshops-near-me/fairy-glen-photography-wales,Fairy Glen Betws-y-Coed Photography Workshops - Wales - Oct,event
https://www.alanranger.com/photographic-workshops-near-me/fairy-glen-photography-betws-y-coed,Fairy Glen Betws-y-Coed Photography Workshop - Wales - May,event
https://www.alanranger.com/photographic-workshops-near-me/peak-district-photography-workshops-autumn,Peak District Photography Workshops Padley Gorge | 1-11,event
https://www.alanranger.com/photographic-workshops-near-me/hartland-quay-photography-devon-seascapes,"Hartland Quay, Devon Seascape Photography Workshops",event
https://www.alanranger.com/photographic-workshops-near-me/abstract-and-macro-photography-workshop,Abstract and Macro Photography Workshop - Warwickshire,event
https://www.alanranger.com/photographic-workshops-near-me/woodland-photography-walk-meriden-millisons-wood,Woodland Photography Walk | Meriden | Millisons Wood,event
https://www.alanranger.com/photographic-workshops-near-me/anglesey-photography-workshop-wales,Menai and Anglesey Photography Workshop | Wales | May,event
https://www.alanranger.com/photographic-workshops-near-me/batsford-arboretum-autumn-photography-1nov,Batsford Arboretum Autumn Photography Workshop -29/10,event
https://www.alanranger.com/photographic-workshops-near-me/batsford-arboretum-autumn-photography-29oct,Batsford Arboretum Autumn Photography Workshop - 24/10,event
https://www.alanranger.com/photographic-workshops-near-me/nant-mill-woodlands,Nant Mill Photography Workshop - Woodlands and Waterfalls,event
https://www.alanranger.com/photographic-workshops-near-me/garden-photography-workshop-mxyms,Garden Photography Workshops | Private Garden | Coventry,event
https://www.alanranger.com/photographic-workshops-near-me/bluebell-photography-photo-workshop-warwickshire-25,Bluebell Photography Workshop | Warwickshire | 25 Apr,event
https://www.alanranger.com/photographic-workshops-near-me/poppy-fields-photography-workshop-sunset,Poppy Fields Photography Workshop - Worcs | Sunset 8/6,event
https://www.alanranger.com/photographic-workshops-near-me/peak-district-photography-workshops-winter,Peak District Photography Workshops Padley Gorge | 10-18,event
https://www.alanranger.com/photographic-workshops-near-me/peak-district-photography-workshops-spring,Peak District Photography Workshops Padley Gorge - 16-5,event
https://www.alanranger.com/photographic-workshops-near-me/peak-district-photography-workshops-autumn-2,Peak District Photography Workshops Padley Gorge | 2-11,event
https://www.alanranger.com/photographic-workshops-near-me/secrets-of-woodland-photography-masterclass-spring,The Secrets of Woodland Photography - 1-Day Masterclass Apr,event
https://www.alanranger.com/photographic-workshops-near-me/secrets-of-woodland-photography-masterclass-summer,The Secrets of Woodland Photography - 1-Day Masterclass Aug,event
https://www.alanranger.com/photographic-workshops-near-me/secrets-of-woodland-photography-masterclass-autumn,The Secrets of Woodland Photography - 1-Day Masterclass Oct,event
https://www.alanranger.com/photographic-workshops-near-me/bluebell-photography-photo-workshop-warwickshire-17,Bluebell Photography Workshop | Warwickshire | 26 Apr,event
https://www.alanranger.com/photographic-workshops-near-me/bluebell-photography-photo-workshop-warwickshire-18,Bluebell Photography Workshop | Warwickshire | 27 Apr,event
https://www.alanranger.com/photographic-workshops-near-me/bluebell-photography-photo-workshop-warwickshire-19,Bluebell Photography Workshop | Warwickshire | 28 Apr,event
https://www.alanranger.com/photographic-workshops-near-me/bluebell-photography-photo-workshop-warwickshire-20,Bluebell Photography Workshop | Warwickshire | 20 Apr,event
https://www.alanranger.com/photographic-workshops-near-me/bluebell-photography-photo-workshop-warwickshire-21,Bluebell Photography Workshop | Warwickshire | 21 Apr,event
https://www.alanranger.com/photographic-workshops-near-me/bluebell-photography-photo-workshop-warwickshire-22,Bluebell Photography Workshop | Warwickshire | 22 Apr,event
https://www.alanranger.com/photographic-workshops-near-me/bluebell-photography-photo-workshop-warwickshire-23,Bluebell Photography Workshop | Warwickshire | 23 Apr,event
https://www.alanranger.com/photographic-workshops-near-me/bluebell-photography-photo-workshop-warwickshire-24,Bluebell Photography Workshop | Warwickshire | 24 Apr,event
https://www.alanranger.com/photographic-workshops-near-me/woodland-photography-walk-leamington-oakley-wood,Woodland Photography Walk | Leamington Spa | Oakley Wood,event
https://www.alanranger.com/photographic-workshops-near-me/woodland-photography-walk-solihull-hay-woods,Woodland Photography Walk | Solihull | Hay Woods - Winter,event
https://www.alanranger.com/photographic-workshops-near-me/woodland-photography-walk-coventry-tile-hill,Woodland Photography Walk - Coventry - Tile Hill Wood,event
https://www.alanranger.com/photographic-workshops-near-me/woodland-photography-walk-kenilworth-crackley-woods,Woodland Photography Walk | Kenilworth | Crackley Woods,event
https://www.alanranger.com/photographic-workshops-near-me/woodland-photography-walk-coventry-piles-coppice,Woodland Photography Walk | Coventry | Piles Coppice,event
https://www.alanranger.com/photographic-workshops-near-me/abstract-and-macro-photography-workshop-coventry,Abstract and Macro Photography Workshop Warwickshire - May,event
https://www.alanranger.com/photographic-workshops-near-me/landscape-photography-wales-gower-peninsular,Gower Peninsula Photo Workshop - Landscape Photography Wales,event
https://www.alanranger.com/photographic-workshops-near-me/sezincote-garden-photography-workshop,Sezincote Garden Photography - Mughal palace in Cotswolds,event
https://www.alanranger.com/photographic-workshops-near-me/landscape-photography-workshops-yorkshire,Landscape Photography Workshops Yorkshire | Coast and Moors,event
https://www.alanranger.com/photographic-workshops-near-me/dingle-kerry-ireland-photography-workshop,Ireland Photography Workshop | Landscapes Southern Ireland,event
https://www.alanranger.com/photographic-workshops-near-me/somerset-photography-workshop,"Somerset Photography Workshops | Hills, Woodlands, Marshes",event
https://www.alanranger.com/photographic-workshops-near-me/northumberland-landscape-photography-workshop,Northumberland Landscape Photography Workshop | 4 Days | Feb,event
https://www.alanranger.com/photographic-workshops-near-me/poppy-fields-photography-workshop-sunrise,Poppy Fields Photography Workshop - Worcs | Sunrise 9/6,event
https://www.alanranger.com/photographic-workshops-near-me/long-exposure-photography-burnham-on-sea,Long Exposure Photography Workshop - Burnham on Sea Sunset,event
https://www.alanranger.com/photographic-workshops-near-me/batsford-arboretum-autumn-photography-3nov,Batsford Arboretum Autumn Photography Workshop - 31/10,event
https://www.alanranger.com/photographic-workshops-near-me/batsford-arboretum-autumn-photography-2nov,Batsford Arboretum Autumn Photography Workshop - 30/10,event
https://www.alanranger.com/photographic-workshops-near-me/batsford-arboretum-autumn-photography-31oct,Batsford Arboretum Autumn Photography Workshop - 26/10,event
https://www.alanranger.com/photographic-workshops-near-me/batsford-arboretum-autumn-photography-30oct,Batsford Arboretum Autumn Photography Workshop - 25/10,event
https://www.alanranger.com/photographic-workshops-near-me/dartmoor-photography-workshop-woodlands,"Dartmoor Photography Workshop | Woodlands, Moors and Tors",event
https://www.alanranger.com/photographic-workshops-near-me/secrets-of-woodland-photography-masterclass-winter,The Secrets of Woodland Photography - 1-Day Masterclass 11-1,event
https://www.alanranger.com/photographic-workshops-near-me/fairy-glen-betws-y-coed-photography,Fairy Glen Betws-y-Coed Photography Workshop - Wales,event
https://www.alanranger.com/photographic-workshops-near-me/long-exposure-photography-workshop-kenilworth2,Long Exposure Photography Workshop - Kenilworth 31-3,event
https://www.alanranger.com/photographic-workshops-near-me/peak-district-photography-workshops-heathers-sunrise,Peak District Photography Workshops - Heathers Sunrise,event
https://www.alanranger.com/photographic-workshops-near-me/exmoor-photography-workshops-seascapes-lynmouth,Exmoor Photography Workshops - Seascapes | Lynmouth,event
https://www.alanranger.com/photographic-workshops-near-me/lavender-photography-workshop-sunset,Lavender Photography Workshop Gloucestershire at Sunset,event
https://www.alanranger.com/photographic-workshops-near-me/hartland-quay-devon-seascapes-ynfcl,"Hartland Quay, Devon Seascape Photography Workshop",event
https://www.alanranger.com/photographic-workshops-near-me/peak-district-photography-workshops-sunrise-heathers,Peak District Photography Workshops - Heathers Sunrise |,event
https://www.alanranger.com/photographic-workshops-near-me/landscape-photography-workshops-yorkshire-coast,Landscape Photography Workshops Yorkshire | Coastlines,event
https://www.alanranger.com/photographic-workshops-near-me/long-exposure-photography-workshop-kenilworth1,Long Exposure Photography Workshop - Sunset | Kenilworth,event
https://www.alanranger.com/photographic-workshops-near-me/lake-district-photography-workshop-spring,Lake District Photography Workshop | Spring in Cumbria,event
https://www.alanranger.com/photographic-workshops-near-me/urban-architecture-photography-workshop-coventry,Coventry Evening Urban Architecture Photography Workshop,event
https://www.alanranger.com/photographic-workshops-near-me/sunset-chesterton-windmill-spring,Sunset Photographic Workshop - Chesterton Windmill 30-3,event
https://www.alanranger.com/photographic-workshops-near-me/suffolk-landscape-photography-workshop,Suffolk Landscape Photography Workshop - Long Exposure,event
https://www.alanranger.com/photographic-workshops-near-me/yorkshire-dales-photography-workshop,Yorkshire Dales Photography Workshop - Landscape Photography,event
https://www.alanranger.com/photographic-workshops-near-me/garden-photography-workshop,Garden Photography Workshop | Private Garden | Coventry,event
https://www.alanranger.com/photographic-workshops-near-me/long-exposure-photography-workshop-kenilworth4,Long Exposure Photography Workshop - Kenilworth 28/8,event
https://www.alanranger.com/photographic-workshops-near-me/wales-photography-workshop-vyrnwy-pistyll-rhaeadr,Wales Photography Workshop Pistyll Rhaeadr and Lake Vyrnwy,event
https://www.alanranger.com/photographic-workshops-near-me/peak-district-photography-workshops-heathers-sunset,Peak District Photography Workshops - Heathers Sunset,event
https://www.alanranger.com/photographic-workshops-near-me/landscape-photography-snowdonia-workshop,Landscape Photography Snowdonia Photography Workshop,event
https://www.alanranger.com/photographic-workshops-near-me/dorset-photography-workshop,Dorset Photography Workshop | Jurassic Coast Photography,event
https://www.alanranger.com/photographic-workshops-near-me/norfolk-photography-workshop,Norfolk Photography Workshop | Cromer to Hunstanton,event
https://www.alanranger.com/photographic-workshops-near-me/lake-district-photography-workshop-late-summer,Lake District Photography Workshop Late Summer in Cumbria,event
https://www.alanranger.com/photographic-workshops-near-me/lake-district-photography-workshop-winter,Lake District Photography Workshop | Winter in Cumbria,event
https://www.alanranger.com/photographic-workshops-near-me/lake-district-photography-workshop-autumn,Lake District Photography Workshops | Autumn in Cumbria,event
https://www.alanranger.com/beginners-photography-lessons,beginners photography lessons - Coventry and Online,event
https://www.alanranger.com/beginners-photography-lessons/camera-courses-for-beginners-coventry-nhjlm,Camera Courses For Beginners - Week 3 of 3 - Coventry 16-12,event
https://www.alanranger.com/beginners-photography-lessons/camera-courses-for-beginners-coventry-dg9pz,Camera Courses For Beginners - Week 2 of 3 - Coventry 9-12,event
https://www.alanranger.com/beginners-photography-lessons/camera-courses-for-beginners-coventry-2n74k,Camera Courses For Beginners - Week 1 of 3 - Coventry 2-12,event
https://www.alanranger.com/beginners-photography-lessons/camera-courses-for-beginners-coventry-8s2ka,Camera Courses For Beginners - Week 3 of 3 - Coventry 20-10,event
https://www.alanranger.com/beginners-photography-lessons/camera-courses-for-beginners-coventry-4pp2p,Camera Courses For Beginners - Week 2 of 3 - Coventry 13-10,event
https://www.alanranger.com/beginners-photography-lessons/camera-courses-for-beginners-coventry-zbcfe,Camera Courses For Beginners - Week 1 of 3 - Coventry 6-10,event
https://www.alanranger.com/beginners-photography-lessons/camera-courses-for-beginners-coventry-nzwzx,Camera Courses For Beginners - Week 3 of 3 - Coventry 25-9,event
https://www.alanranger.com/beginners-photography-lessons/camera-courses-for-beginners-coventry-dhecf,Camera Courses For Beginners - Week 2 of 3 - Coventry 9-18,event
https://www.alanranger.com/beginners-photography-lessons/camera-courses-for-beginners-coventry-w5nkt,Camera Courses For Beginners - Week 1 of 3 - Coventry Sep,event
https://www.alanranger.com/beginners-photography-lessons/lightroom-photo-editing-classes-wk3-42ynf,Lightroom Classic Photo Editing Classes -Week 3 of 3 - 4-6,event
https://www.alanranger.com/beginners-photography-lessons/lightroom-photo-editing-classes-wk2-55f3d,Lightroom Classic Photo Editing Classes -Week 2 of 3 - 28-5,event
https://www.alanranger.com/beginners-photography-lessons/lightroom-photo-editing-classes-wk1-xx94r,Lightroom Classic Photo Editing Classes -Week 1 of 3 -21-5,event
https://www.alanranger.com/beginners-photography-lessons/camera-courses-for-beginners-coventry-3yj3h,Camera Courses For Beginners - Week 3 of 3 - Coventry Nov,event
https://www.alanranger.com/beginners-photography-lessons/camera-courses-for-beginners-coventry-s2klg,Camera Courses For Beginners - Week 3 of 3 - Coventry 23-3,event
https://www.alanranger.com/beginners-photography-lessons/camera-courses-for-beginners-coventry-wc34j,Camera Courses For Beginners - Week 2 of 3 - Coventry Nov,event
https://www.alanranger.com/beginners-photography-lessons/camera-courses-for-beginners-coventry-8ar5x,Camera Courses For Beginners - Week 1 of 3 - Coventry Nov,event
https://www.alanranger.com/beginners-photography-lessons/camera-courses-for-beginners-coventry-oct3,Camera Courses For Beginners - Week 3 of 3 - Coventry Oct,event
https://www.alanranger.com/beginners-photography-lessons/camera-courses-for-beginners-coventry-oct2,Camera Courses For Beginners - Week 2 of 3 - Coventry Oct,event
https://www.alanranger.com/beginners-photography-lessons/camera-courses-for-beginners-coventry-oct1,Camera Courses For Beginners - Week 1 of 3 - Coventry Oct,event
https://www.alanranger.com/beginners-photography-lessons/camera-courses-for-beginners-week-3,Camera Courses For Beginners - Week 3 of 3 - Coventry,event
https://www.alanranger.com/beginners-photography-lessons/camera-courses-for-beginners-wk2,Camera Courses For Beginners - Week 2 of 3 - Coventry Feb,event
https://www.alanranger.com/beginners-photography-lessons/camera-courses-for-beginners-week-1,Camera Courses For Beginners - Week 1 of 3 - Coventry Feb,event
https://www.alanranger.com/beginners-photography-lessons/camera-courses-for-beginners-coventry-2k99k,Camera Courses For Beginners - Week 3 of 3 - Coventry Sep,event
https://www.alanranger.com/beginners-photography-lessons/camera-courses-for-beginners-coventry-2sj27,Camera Courses For Beginners - Week 2 of 3 - Coventry Sep,event
https://www.alanranger.com/beginners-photography-lessons/camera-courses-for-beginners-coventry-bds4t,Camera Courses For Beginners - Week 1 of 3 - Coventry - Sep,event
https://www.alanranger.com/beginners-photography-lessons/camera-courses-for-beginners-coventry-hl4tm,Camera Courses For Beginners - Week 2 of 3 - Coventry 16-3,event
https://www.alanranger.com/beginners-photography-lessons/camera-courses-for-beginners-coventry-7breh,Camera Courses For Beginners - Week 1 of 3 - Coventry 9-3,event
https://www.alanranger.com/beginners-photography-lessons/camera-courses-for-beginners-coventry-mw83l,Camera Courses For Beginners - Week 3 of 3 - Coventry 26-11,event
https://www.alanranger.com/beginners-photography-lessons/camera-courses-for-beginners-coventry-hnp3g,Camera Courses For Beginners - Week 2 of 3 - Coventry 19-11,event
https://www.alanranger.com/beginners-photography-lessons/camera-courses-for-beginners-coventry-dfe,Camera Courses For Beginners - Week 1 of 3 - Coventry 12-11,event
https://www.alanranger.com/beginners-photography-lessons/camera-courses-for-beginners-coventry-be4sb,Camera Courses For Beginners - Week 3 of 3 - Coventry Jan,event
https://www.alanranger.com/beginners-photography-lessons/camera-courses-for-beginners-coventry-,Camera Courses For Beginners - Week 2 of 3 - Coventry Jan,event
https://www.alanranger.com/beginners-photography-lessons/rps-courses-rps-distinctions-mentoring-6,RPS Courses - RPS Distinctions Course - Enrol Anytime - 6-11,event
https://www.alanranger.com/beginners-photography-lessons/rps-courses-rps-distinctions-mentoring-4,RPS Courses - RPS Distinctions Course - Enrol Anytime - 13/8,event
https://www.alanranger.com/beginners-photography-lessons/rps-courses-rps-distinctions-mentoring-3,RPS Courses - RPS Distinctions Course - Enrol Anytime -1-12,event
https://www.alanranger.com/beginners-photography-lessons/rps-courses-rps-distinctions-mentoring-2,RPS Courses - RPS Distinctions Course - Enrol Anytime -15-10,event
https://www.alanranger.com/beginners-photography-lessons/rps-courses-rps-distinctions-mentoring-1,RPS Courses - RPS Distinctions Course - Enrol Anytime -29-9,event
https://www.alanranger.com/beginners-photography-lessons/lightroom-photo-editing-classes-wk3-7cd64,Lightroom Classic Photo Editing Classes - Week 3 of 3 - 21-1,event
https://www.alanranger.com/beginners-photography-lessons/lightroom-photo-editing-classes-wk2-n8l4l,Lightroom Classic Photo Editing Classes - Week 2 of 3 - 14-1,event
https://www.alanranger.com/beginners-photography-lessons/lightroom-photo-editing-classes-wk1-kdh5k,Lightroom Classic Photo Editing Classes - Week 1 of 3 -7-1,event
https://www.alanranger.com/beginners-photography-lessons/lightroom-photo-editing-classes-wk3-9b3t3,Lightroom Classic Photo Editing Classes - Week 3 of 3 - 17-9,event
https://www.alanranger.com/beginners-photography-lessons/lightroom-photo-editing-classes-wk2-y3262,Lightroom Classic Photo Editing Classes - Week 2 of 3 - 10/9,event
https://www.alanranger.com/beginners-photography-lessons/lightroom-photo-editing-classes-wk1-rrkhn,Lightroom Classic Photo Editing Classes - Week 1 of 3 -3-9,event
https://www.alanranger.com/beginners-photography-lessons/lightroom-photo-editing-classes-wk3,Lightroom Classic Photo Editing Classes -Week 3 of 3 -18-11,event
https://www.alanranger.com/beginners-photography-lessons/lightroom-photo-editing-classes-wk2,Lightroom Classic Photo Editing Classes -Week 2 of 3 -11-11,event
https://www.alanranger.com/beginners-photography-lessons/camera-courses-for-beginners-coventry-wk1,Camera Courses For Beginners - Week 1 of 3 - Coventry Jan,event
https://www.alanranger.com/beginners-photography-lessons/rps-courses-rps-distinctions-mentoring-5,RPS Courses - RPS Distinctions Course - Enrol Anytime-9/9,event
https://www.alanranger.com/beginners-photography-lessons/lightroom-photo-editing-classes-wk1,Lightroom Classic Photo Editing Classes -Week 1 of 3 - 4-11,event
https://www.alanranger.com/blog-on-photography,"Alan Ranger Blog On Photography - Tips, Offers and News",landing
https://www.alanranger.com/blog-on-photography/what-is-iso-in-photography,04 What is ISO in Photography: A Guide for Beginners.,article
https://www.alanranger.com/blog-on-photography/photo-print-sizes-resize-photos,Photo Print Sizes - Photo Sizing - Print Resolution Guide,article
https://www.alanranger.com/blog-on-photography/composition-in-photography,Composition in Photography: Why the Camera Isn’t the Artist,article
https://www.alanranger.com/blog-on-photography/what-is-dynamic-range-in-photography,10 What is DYNAMIC RANGE in photography: A Beginners Guide,article
https://www.alanranger.com/blog-on-photography/what-is-framing-in-photography,What is FRAMING in photography: A Guide for Beginners,article
https://www.alanranger.com/blog-on-photography/free-outdoor-photography-exposure-calculator,Mastering Exposure: Outdoor Photography Exposure Calculator,article
https://www.alanranger.com/blog-on-photography/photography-styles-trends-and-tips,"Photography Styles: Trends, Tips &amp; Finding Your Fit (2025",article
https://www.alanranger.com/blog-on-photography/how-to-find-your-photography-style,How to find your Photography Style: Identify and Develop it,article
https://www.alanranger.com/blog-on-photography/the-art-of-storytelling-photography,The Art of STORYTELLING PHOTOGRAPHY: Capturing Moments,article
https://www.alanranger.com/blog-on-photography/the-history-of-photography,The History of Photography - Origin of Photography to Today,article
https://www.alanranger.com/blog-on-photography/creative-photography-workshops-unlocking-your-potential,Creative Photography Workshops: Unlocking Your Potential,article
https://www.alanranger.com/blog-on-photography/architecture-photography-guide,ARCHITECTURE Photography Guide: Step-by-Step for Beginners,article
https://www.alanranger.com/blog-on-photography/exposure-bracketing-a-guide-for-photographers,07 Explaining EXPOSURE BRACKETING: A Guide for Beginners,article
https://www.alanranger.com/blog-on-photography/what-is-exposure-in-photography,01 What is EXPOSURE in photography: A Guide for Beginners,article
https://www.alanranger.com/blog-on-photography/photography-is-an-art-of-observation,Why Photography is an Art of Observation: A Deep Dive,article
https://www.alanranger.com/blog-on-photography/what-is-minimalist-photography,What is MINIMALIST PHOTOGRAPHY: Key Concepts for Beginners,article
https://www.alanranger.com/blog-on-photography/what-is-portrait-photography,What is PORTRAIT PHOTOGRAPHY: Essential Tips for Beginners,article
https://www.alanranger.com/blog-on-photography/master-photography-with-a-photography-tutor,Master Photography with a Professional Photography Tutor,article
https://www.alanranger.com/blog-on-photography/street-photography-tips,STREET PHOTOGRAPHY Tips That Every Traveller Should Know,article
https://www.alanranger.com/blog-on-photography/what-is-focus-in-photography,08 What is FOCUS in Photography: Key Concepts Explained,article
https://www.alanranger.com/blog-on-photography/10-basic-camera-settings-for-camera,10 Things to Do with Your New Camera - Basic camera settings,article
https://www.alanranger.com/blog-on-photography/product-photography-setup,PRODUCT PHOTOGRAPHY Setup: A Simple Guide for Beginners,article
https://www.alanranger.com/blog-on-photography/finding-your-compositional-balance,Finding Your Compositional Balance: A Guide For Beginner&#39;s,article
https://www.alanranger.com/blog-on-photography/what-is-contrast-in-photography,What is CONTRAST in Photography: A Guide for Beginners,article
https://www.alanranger.com/blog-on-photography/best-camera-bags-for-different-trips,BEST CAMERA BAGS for Different Trips : My 2024 Picks,article
https://www.alanranger.com/blog-on-photography/what-is-still-life-photography,What is STILL LIFE PHOTOGRAPHY: A Guide For Beginners,article
https://www.alanranger.com/blog-on-photography/what-is-aperture-in-photography,02 What is APERTURE in photography: A Guide for Beginners,article
https://www.alanranger.com/blog-on-photography/how-to-take-long-exposure-photos,How to take LONG EXPOSURE photos: A Guide For Beginners,article
https://www.alanranger.com/blog-on-photography/how-to-improve-your-photography-composition,How to Improve Your Photography Composition: A Guide,article
https://www.alanranger.com/blog-on-photography/art-of-macro-photography,Unlocking the Art of MACRO PHOTOGRAPHY: Techniques and Tips,article
https://www.alanranger.com/blog-on-photography/what-is-focal-length-in-photography,15 What is FOCAL LENGTH in photography: A Beginners Guide,article
https://www.alanranger.com/blog-on-photography/camera-lenses-hire-or-buy,"Camera Lenses: When to Buy New, Used, or Rent: A Guide",article
https://www.alanranger.com/blog-on-photography/jpeg-vs-raw-the-key-differences,13 JPEG vs RAW: The Key Differences: A Guide for Beginners,article
https://www.alanranger.com/blog-on-photography/what-is-shutter-speed,03 What is SHUTTER SPEED in photography: Guide for Beginners,article
https://www.alanranger.com/blog-on-photography/what-is-negative-space-in-photography,What is NEGATIVE SPACE in photography: A Guide for Beginners,article
https://www.alanranger.com/blog-on-photography/camera-sensor-cleaning-guide,Camera Sensor Cleaning: The Ultimate Step-by-Step Guide,article
https://www.alanranger.com/blog-on-photography/top-tips-for-photographing-bluebells,Top Tips for photographing bluebells | A Professional Guide,article
https://www.alanranger.com/blog-on-photography/mastering-landscape-photography-tips-and-techniques,Mastering LANDSCAPE PHOTOGRAPHY: Tips and Techniques,article
https://www.alanranger.com/blog-on-photography/mastering-photography-composition-rules,Photography COMPOSITION RULES: A Guide for Beginners,article
https://www.alanranger.com/blog-on-photography/what-is-white-balance-in-photography,11 What is WHITE BALANCE in photography: A Beginners Guide,article
https://www.alanranger.com/blog-on-photography/black-and-white-photography-for-beginners,BLACK and WHITE Photography for Beginners: A Guide,article
https://www.alanranger.com/blog-on-photography/learn-photography-online-photography-classes,Learn photography from home - Online Photography Classes,article
https://www.alanranger.com/blog-on-photography/top-bluebell-woodland-tips,Capturing Springs Blue Charm: Top Bluebell Woodland Tips,article
https://www.alanranger.com/blog-on-photography/what-are-camera-drive-modes,12 What are CAMERA DRIVE MODES: A Guide for Beginners,article
https://www.alanranger.com/blog-on-photography/take-the-on-line-colour-test,Take the free online colour test - how good is your vision?,article
https://www.alanranger.com/blog-on-photography/full-frame-vs-cropped-sensor,14 FULL FRAME VS CROPPED SENSOR: Which One reigns Supreme?,article
https://www.alanranger.com/blog-on-photography/7-essential-camera-accessories,7 Essential Camera Accessories You Need in Your Kit,article
https://www.alanranger.com/blog-on-photography/what-is-depth-of-field,09 What is DEPTH OF FIELD in Photography: A Beginners Guide,article
https://www.alanranger.com/blog-on-photography/are-mirrorless-cameras-better-than-dslrs,Are Mirrorless Cameras Better Than DSLRs: A Comparison,article
https://www.alanranger.com/blog-on-photography/photo-editing-software,2025 Photo Editing Software: Which One is Right for You,article
https://www.alanranger.com/blog-on-photography/how-much-do-photographers-earn,How Much Do Photographers Earn: 2025 Industry Report UK,article
https://www.alanranger.com/blog-on-photography/how-to-improve-your-woodland-pictures,How to Improve your Woodland Photography | Woodland Pictures,article
https://www.alanranger.com/blog-on-photography/midlands-photography-workshops-with-alan-ranger,Discover the Midlands Photography Workshops with Alan Ranger,article
https://www.alanranger.com/blog-on-photography/secrets-to-woodland-photography-masterclass,The Secrets To Woodland Photography-1-Day Masterclass,article
https://www.alanranger.com/blog-on-photography/professional-commercial-photography-in-coventry,Power of Professional Commercial Photography in Coventry,article
https://www.alanranger.com/blog-on-photography/mastering-the-art-of-winter-photography,Mastering the Art of Winter Photography: An In-depth Guide,article
https://www.alanranger.com/blog-on-photography/what-are-leading-lines-in-photography,What Are LEADING LINES in Photography: A How-To-Guide,article
https://www.alanranger.com/blog-on-photography/what-do-camera-lens-filters-do,What do CAMERA LENS FILTERS DO: A Guide for Beginners,article
https://www.alanranger.com/blog-on-photography/how-to-back-up-photos,How to Back Up Photos: The Best 3-2-1 Backup Method Guide,article
https://www.alanranger.com/blog-on-photography/mastering-the-art-of-seasonal-photography,Mastering the Art of Seasonal Photography: Nature&#39;s Rhythms,article
https://www.alanranger.com/blog-on-photography/what-is-manual-exposure-in-photography,05 What is MANUAL EXPOSURE in photography:Guide for beginner,article
https://www.alanranger.com/blog-on-photography/tripod-for-cameras-essential-guide,"Tripod for Camera: Guide To Which, Why, How to Use A Tripod",article
https://www.alanranger.com/blog-on-photography/mastering-abstract-photography,Mastering Abstract Photography: Beginner Techniques and Tips,article
https://www.alanranger.com/blog-on-photography/are-camera-uv-filters-worth-it,Are camera UV filters worth it? Pros and cons explained,article
https://www.alanranger.com/blog-on-photography/what-is-metering-in-photography,06 What is METERING in photography: A Guide for Beginners,article
https://www.alanranger.com/blog-on-photography/mastering-the-art-of-shadow-photography,Mastering the Art of Shadow Photography: Light and Darkness,article
https://www.alanranger.com/blog-on-photography/guide-preparing-for-your-photography-workshop,Comprehensive Guide: Preparing for Your Photography Workshop,article
https://www.alanranger.com/blog-on-photography/photography-evening-classes-fun-informative,Photography Evening Classes: In Coventry with Alan Ranger,article
https://www.alanranger.com/blog-on-photography/beyond-a-point-and-shoot-camera,Beyond A Point and Shoot Camera: Unlocking DSLR Photography,article
https://www.alanranger.com/blog-on-photography/landscape-fine-art-photography-prints,Explore the world of Landscape Fine Art Photography Prints,article
https://www.alanranger.com/blog-on-photography/best-product-photography-tripod,The Best Product Photography Tripod: Review and Features,article
https://www.alanranger.com/blog-on-photography/selecting-the-ideal-product-photographer,Selecting the Ideal Product Photographer for Your Business,article
https://www.alanranger.com/blog-on-photography/kentfaith-concept-square-filter-system,Review of Kent Faith CONCEPT Square Filter System Pro Kit,article
https://www.alanranger.com/blog-on-photography/five-creative-autumn-photography-projects,Five Creative Autumn Photography Projects: To Inspire You,article
https://www.alanranger.com/blog-on-photography/know-your-camera-filters,Do You Know Your Camera Filters? | Professional Guide,article
https://www.alanranger.com/blog-on-photography/photographing-autumn-uk-landscape-photography-guide,Photographing Autumn - UK landscape photography guide,article
https://www.alanranger.com/blog-on-photography/secrets-of-lake-district-landscape-photography,The Secrets of Lake District Landscape Photography,article
https://www.alanranger.com/blog-on-photography/tripods-a-photographers-best-friend,Tripods – Photographers Best Friend or Creativity Stifler,article
https://www.alanranger.com/blog-on-photography/manfrotto-befree-tripod-review,Manfrotto Befree Tripod Review: A Compact Travel Companion,article
https://www.alanranger.com/blog-on-photography/alistair-willis-rps-distinctions,Case Study - Alistair Willis - ARPS | RPS Distinctions Panel,article
https://www.alanranger.com/blog-on-photography/lightroom-classic-latest-version-whats-new,Lightroom Classic Latest Version 13.3 - What&#39;s New,article
https://www.alanranger.com/blog-on-photography/creative-potential-with-nik-collection-7,Unleash Your Creative Potential with Nik Collection 7,article
https://www.alanranger.com/blog-on-photography/how-mirrorless-cameras-are-shaping-photography,How Mirrorless Cameras Are Shaping Photography&#39;s Future,article
https://www.alanranger.com/blog-on-photography/case-barbara-voules-rps-distinctions,Case Study - Barbara Voules - LRPS | RPS Distinctions Panel,article
https://www.alanranger.com/blog-on-photography/case-study-ian-slater-rps-distinctions,Case Study - Ian Slater - LRPS | RPS Distinctions Panel,article
https://www.alanranger.com/blog-on-photography/how-to-take-professional-photos,How to Take Professional Photos : Beginners Guide - FREE,article
https://www.alanranger.com/blog-on-photography/beginners-photography-course-in-coventry,Kickstart 2024: Beginners Photography Course in Coventry,article
https://www.alanranger.com/blog-on-photography/learn-landscape-photography-techniques,Landscape Photography-Learn Landscape Photography Techniques,article
https://www.alanranger.com/blog-on-photography/prepare-for-photography-courses,Guide: How to Prepare for Photography Courses for Beginners,article
https://www.alanranger.com/blog-on-photography/professional-commercial-photography-elevate-your-business,Professional Commercial Photography: Elevate Your Business,article
https://www.alanranger.com/blog-on-photography/exposure-bracketing-photos,Exposure Bracketing Photos - Dynamic Range | A Guide,article
https://www.alanranger.com/blog-on-photography/learn-photography-basics-with-a-mentor,Photo Classes | Learn Photography Basics | With a Mentor,article
https://www.alanranger.com/blog-on-photography/the-perfect-travel-tripod-benro-cyanbird,The Perfect Travel Tripod: Benro Cyanbird Tripod Review,article
https://www.alanranger.com/blog-on-photography/alternative-long-exposure-photography-techniques,Tip of the day - Alternative Long Exposure Photography,article
https://www.alanranger.com/blog-on-photography/whats-new-in-lightroom-classic-13,What&#39;s new in Lightroom Classic 13 (2024) - First Glance,article
https://www.alanranger.com/blog-on-photography/autumn-photography-tips,Free Autumn Photography Tips | Equipment | Approach,article
https://www.alanranger.com/blog-on-photography/northumberland-landscape-photography-why-northumbria,Northumberland Landscape Photography | Why Northumbria?,article
https://www.alanranger.com/blog-on-photography/north-devon-photography-workshops-why-devon,Hartland Quay - Devon Photography Workshops | Why Devon?,article
https://www.alanranger.com/blog-on-photography/why-snowdonia-landscape-photography-workshops,Why Go on Snowdonia Landscape Photography Workshops ?,article
https://www.alanranger.com/blog-on-photography/social-media-for-photographers-tips,Social Media for Photographers - My Insights and Tips,article
https://www.alanranger.com/blog-on-photography/enhancing-your-photography-with-kase-filters,Photographic Filters:Enhancing Your Photos with Kase Filters,article
https://www.alanranger.com/blog-on-photography/ultimate-guide-to-summer-landscape-photography,The Ultimate Guide to Summer Landscape Photography,article
https://www.alanranger.com/blog-on-photography/photography-basics-how-to-improve-photography,Beginners Photography Basics-How to improve your photography,article
https://www.alanranger.com/blog-on-photography/creative-editing-with-nik-collection-6,Creative Photo Editing with DXO NIK Collection 6 -,article
https://www.alanranger.com/blog-on-photography/partner-to-jaguar-land-rover-training,Official Jaguar Land Rover Training Partner and ELS Scheme,article
https://www.alanranger.com/blog-on-photography/become-a-better-photographer,How to develop your skills | Become a better photographer,article
https://www.alanranger.com/blog-on-photography/camera-bag-review-of-manfrotto-backpack,Camera Bags - Review of Manfrotto Backpack Advanced Fast III,article
https://www.alanranger.com/blog-on-photography/kase-filters-and-lightroom-queen-deals,Kase Filters and Adobe Lightroom Queen Partner Deals |,article
https://www.alanranger.com/blog-on-photography/photography-concepts-for-beginners,Photography Concepts for Beginners - 3 Basic Components,article
https://www.alanranger.com/blog-on-photography/used-cameras-and-lenses,Used Camera Equipment cameras and Lenses - From UK retailers,article
https://www.alanranger.com/blog-on-photography/5-stages-to-improve-your-photography,5 Stages To Improve Your Photography | A Professional Guide,article
https://www.alanranger.com/blog-on-photography/keeping-sensors-clean-sensor-cleaning,Camera Maintenance – DSLR Sensor Cleaning | A Guide,article
https://www.alanranger.com/blog-on-photography/shooting-in-low-light,Shooting In Low Light | Long Exposure Photography Guide,article
https://www.alanranger.com/blog-on-photography/case-study-janice-jordan-rps-distinctions,Case Study - Janice Jordan - LRPS | RPS Distinctions,article
https://www.alanranger.com/blog-on-photography/top-6-tips-for-photographing-fireworks,Top 6 Tips for Photographing Fireworks from a Professional,article
https://www.alanranger.com/blog-on-photography/photography-tips-10-things-to-know,Photography Tips | 10 Things I Wish I Knew Earlier,article
https://www.alanranger.com/blog-on-photography/case-study-kirsten-pearce-rps-distinctions,Case Study - Kirsten Pearce - LRPS | RPS Distinctions,article
https://www.alanranger.com/blog-on-photography/haiku-with-a-picture-shahai,the traditional pairing of a haiku with a picture - Shahai,article
https://www.alanranger.com/blog-on-photography/photography-lessons-for-beginners,Photography Lessons for beginners to learn and practice,article
https://www.alanranger.com/blog-on-photography/expressive-photography-hard-often-frustrating,"Expressive Photography-Hard, often frustrating but rewarding",article
https://www.alanranger.com/blog-on-photography/the-camera-is-an-instrument-,The camera is an instrument to teaches people how to see,article
https://www.alanranger.com/blog-on-photography/recommended-travel-lightweight-tripods,Recommended Lightweight Tripods | Professional Guide,article
https://www.alanranger.com/blog-on-photography/case-study-max-dobres-rps-distinctions,Case Study - Max Dobres - LRPS | RPS Distinctions Panel,article
https://www.alanranger.com/blog-on-photography/camera-care-guide,Extend the life of your camera | Camera Care Guide,article
https://www.alanranger.com/blog-on-photography/jacki-rosin-arps-rhs-exhibition,Jacki Rosin ARPS - RHS exhibition at the Saatchi Gallery,article
https://www.alanranger.com/blog-on-photography/winter-photography-magic,Shoot the magic of landscape winter photography | Guide,article
https://www.alanranger.com/blog-on-photography/case-study-dennis-jeffrey-rps-distinctions,Case Study - Dennis Jeffrey LRPS | RPS Distinctions,article
https://www.alanranger.com/blog-on-photography/choosing-a-camera,Choosing a camera - Considerations and Comparisons,article
https://www.alanranger.com/blog-on-photography/rps-distinctions-group-cfp5t,RPS Distinctions: Gain Licentiate &amp; Associate Mentoring,article
https://www.alanranger.com/blog-on-photography/5-reasons-to-use-a-tripod,5 Reasons why a tripod will help you to become better,article
https://www.alanranger.com/blog-on-photography/partnership-with-one-vision-imaging,Order Prints with One Vision Imaging - 12% off All Products,article
https://www.alanranger.com/blog-on-photography/using-a-nd-filter,Using a ND Filter for Long Exposure Photography | A Guide,article
https://www.alanranger.com/blog-on-photography/learn-photography-how,"Learn Photography - How? - 10,000 Hours of Practice",article
https://www.alanranger.com/blog-on-photography/tripods-gitzo-vs-benro-review,Benro Review - Head to Head with Gitzo and Manfrotto Tripods,article
https://www.alanranger.com/blog-on-photography/photographers-composition-viewing-frame,Photographers Composition Aides - Viewing frames launched,article
https://www.alanranger.com/blog-on-photography/ten-tips-towards-better-composition,Tip of the day - Ten tips towards better composition,article
https://www.alanranger.com/blog-on-photography/basics-how-to-use-a-tripod,How to use a tripod correctly | Professional Guide,article
https://www.alanranger.com/blog-on-photography/how-to-become-a-better-photographer,Seven Tips On How To Become A Better Photographer?,article
https://www.alanranger.com/blog-on-photography/photography-basics-creative-photo-projects,Tip of the day- 10 Creative Photo Projects To Do Today,article
https://www.alanranger.com/blog-on-photography/case-study-janet-boulter-rps-distinctions,Case Study - Janet Boulter LRPS | RPS Distinctions,article
https://www.alanranger.com/blog-on-photography/which-lens-should-i-buy-next,Buying a lens.... Which lens should I buy next? | Guide,article
https://www.alanranger.com/blog-on-photography/photography-basics-creative-editing,Tip of the day - photography basics - Creative Editing,article
https://www.alanranger.com/blog-on-photography/delete-duplicate-photos-in-lightroom,How to delete duplicate photos in Lightroom Classic,article
https://www.alanranger.com/blog-on-photography/top-10-composition-mistakes-beginners-make,Top 10 composition mistakes - Guide To Great Composition,article
https://www.alanranger.com/blog-on-photography/advanced-editing-with-nik-collection,Tip of the day - Advanced Photo Editing with NIK Collection,article
https://www.alanranger.com/blog-on-photography/case-study-jacki-rosin,Case Study - Jacki Rosin - Client A Photographic Journey,article
https://www.alanranger.com/blog-on-photography/hartland-quay-devon-coastal-workshop,North Devon Coastal Workshop | Why I love Hartland Quay,article
https://www.alanranger.com/blog-on-photography/virtual-bluebell-photoshoot,Virtual Bluebell Photoshoot for the NHS | Money Raised,article
https://www.alanranger.com/blog-on-photography/case-study-chris-shaw,Case Study - Chris Shaw - Client A Photographic Journey,article
https://www.alanranger.com/blog-on-photography/photography-show-buying-advice,photography show buying guide | Professional Guide,article
https://www.alanranger.com/blog-on-photography/case-study-francis-peckham-rps-distinctions,Case Study - Francis Peckham LRPS | RPS Distinctions,article
https://www.alanranger.com/blog-on-photography/avoid-camera-shake,Avoid Camera Shake - Use a remote release or self-timer,article
https://www.alanranger.com/blog-on-photography/case-study-vincenzo-albano-rps-distinctions,Case Study - Vincenzo Albano ARPS | RPS Distinctions,article
https://www.alanranger.com/blog-on-photography/case-study-jacki-rosin-rps-distinctions,Case Study - Jacki Rosin ARPS | RPS Distinctions Panel,article
https://www.alanranger.com/blog-on-photography/ireland-photography-workshop-recce-report,Ireland Photography Workshop Recce Report | Dingle to Kerry,article
https://www.alanranger.com/blog-on-photography/new-partnership-with-one-vision-imaging,Partnership with One Vision Imaging - 12% off All Products,article
https://www.alanranger.com/blog-on-photography/case-study-anne-watkinson-rps-distinctions,Case Study - Anne Watkinson LRPS | RPS Distinctions,article
https://www.alanranger.com/blog-on-photography/case-study-paul-kirby-rps-distinctions,Case Study - Paul Kirby LRPS | RPS Distinctions Panel,article
https://www.alanranger.com/blog-on-photography/case-study-joyce-james-rps-distinctions,Case Study - Joyce James LRPS | RPS Distinctions Panel,article
https://www.alanranger.com/blog-on-photography/photographers-rights-in-the-uk,Photographers Rights in the UK - What are the Facts?,article
https://www.alanranger.com/blog-on-photography/creative-photo-editing,Creative Photo Editing MasterClass | Professional Tuition,article
https://www.alanranger.com/blog-on-photography/a-christmas-day-memory-crisis,A Christmas Day memory for those less fortunate. | Crisis,article
https://www.alanranger.com/blog-on-photography/how-to-make-moving-photographs,How to Make Images That are Moving | Moving Photographs,article
https://www.alanranger.com/blog-on-photography/suffolk-punch-personal-perspective,Suffolk Punch - A personal perspective &amp; Background,article
https://www.alanranger.com/blog-on-photography/photographers-copyright-digital-images-photographs,Photographers Copyright - digital images and the internet,article
https://www.alanranger.com/blog-on-photography/help-portrait-coventry-report,Help Portrait - Coventry Report | Giving Pictures Not Taking,article
https://www.alanranger.com/blog-on-photography/help-portrait-uk-coventry-school-shoot,Help Portrait - UK-Coventry-School-Shoot | Giving Pictures,article
https://www.alanranger.com/blog-on-photography/schools-photo-project,Schools Photo Project - Photography for kids with learning,article
https://www.alanranger.com/blog-on-photography/shooting-night-time-photography-tips,Night time photography - Shooting in Low Light Tips,article
https://www.alanranger.com/blog-on-photography/rubys-first-photo-project,Ruby&#39;s First Photo Project | The start of her journey,article
https://www.alanranger.com/blog-on-photography/help-portrait-uk-coventry,Help Portrait | UK Coventry Event | Giving Pictures,article
https://www.alanranger.com/blog-on-photography/learn-how-to-use-lightroom,Learn how to use Lightroom to edit | Professional Guide,article
https://www.alanranger.com/blog-on-photography/my-rps-distinctions-journey-mike-ford,My LRPS journey – Mike Ford | Client RPS Distinctions,article
https://www.alanranger.com/blog-on-photography/camera-leveling-dont-be-wonky,Don&#39;t be wonky - Get your camera leveling right | Guide,article
https://www.alanranger.com/blog-on-photography/struggle-to-see-your-camera-screen,Struggle to see your camera screen | Professional guide,article
https://www.alanranger.com/blog-on-photography/photography-equipment-for-beginners,Photography Equipment for Beginners | Professional Guide,article
https://www.alanranger.com/blog-on-photography/iphone-camera-vs-the-digital-camera,Phone Camera Vs the Digital Camera | Is the mobile good?,article
https://www.alanranger.com/blog-on-photography/photography-the-epitome-of-art,Photography – The Epitome of Art - Stories without words,article
https://www.alanranger.com/blog-on-photography/case-study-mike-ford,Case Study - Mike Ford shares a photographic journey,article
https://www.alanranger.com/blog-on-photography/case-study-joyce-james,Case Study - Joyce James shares a photographic journey,article
https://www.alanranger.com/blog-on-photography/photography-for-kids,Help children take photos - Photography For Kids Guide,article
https://www.alanranger.com/blog-on-photography/case-study-kirsten-pearce,Case Study - Kirsten Pearce shares a photographic journey,article
https://www.alanranger.com/blog-on-photography/abstract-photography-1,Abstract Photography - Visual Reference | Professional Guide,article
https://www.alanranger.com/home,Alan Ranger Photography | Workshops | Classes | Commercial,landing
https://www.alanranger.com/photography-news-blog,"Alan Ranger&#39;s Photography News Blog - Tips, Offers and News",landing
https://www.alanranger.com/photography-gift-vouchers,Photography Gift Vouchers - Buy Online Use against any event,landing
https://www.alanranger.com/newsletter-signup-form,Newsletter Signup - Don&#39;t miss an update from Alan Ranger,landing
https://www.alanranger.com/private-photography-lessons,Private Photography Lessons Near Me - Face to Face Coventry,landing
https://www.alanranger.com/photography-mentoring-online-assignments,Photography Mentoring Online - Monthly Assignments,landing
https://www.alanranger.com/photography-payment-plan,Pick N Mix Photography Payment Plan - Tuition Packages,landing
https://www.alanranger.com/awards-and-qualifications,Qualifications and Accreditation | Alan Ranger Photography,landing
https://www.alanranger.com/terms-and-conditions,The Legal Stuff - Alan Ranger Terms and Conditions,landing
https://www.alanranger.com/free-photography-tips,Photography Tips | Learn Photography with Free Pro Tips,landing
https://www.alanranger.com/about-alan-ranger,About Alan Ranger - Professional Photographer and Tutor,landing
https://www.alanranger.com/photography-special-offers,Photography Special Offers | Tuition Services | Deals,landing
https://www.alanranger.com/photography-tuition-services,Photography Tuition Services - Any Level - Any Budget,landing
https://www.alanranger.com/photography-equipment-recommendations,Photography Equipment - Recommended products on Amazon,landing
https://www.alanranger.com/course-finder-photography-classes-near-me,Best Photography Classes Near Me - Course Finder - Coventry,landing
https://www.alanranger.com/photography-workshops,Best UK Outdoor Landscape Photography Workshops | Book Now,landing
https://www.alanranger.com/website-terms-and-conditions,Website Terms and Conditions - Alan Ranger Photography,landing
https://www.alanranger.com/website-cookie-policy,Computer Browser Cookie Policy - Alan Ranger Photography,landing
https://www.alanranger.com/data-privacy-policy,Data Privacy Policy - Alan Ranger Photography | PII,landing
https://www.alanranger.com/copyright-policy-alan-ranger,Official Copyright Policy for Alan Ranger Photography,landing
https://www.alanranger.com/testimonials-customer-reviews,Customer Reviews - What clients say about Alan Ranger,landing
https://www.alanranger.com/bluebell-woods-near-me,Bluebell Woods Near Me - Bluebell Photoshoot and Workshops,landing
https://www.alanranger.com/batsford-arboretum-photography,Batsford Arboretum Photography Workshops - Autumn Workshops,landing
https://www.alanranger.com/schedule-an-appointment,Schedule an appointment with Alan Ranger Photography,landing
https://www.alanranger.com/hire-a-professional-photographer-in-coventry,Hire A Professional Photographer In Coventry | Commercial,landing
https://www.alanranger.com/gallery-image-portfolios,Photography Gallery - Image Portfolios By Alan Ranger,landing
https://www.alanranger.com/photography-courses-coventry,Top Photography Courses Coventry - Or Online With a Pro,landing
https://www.alanranger.com/beginners-photography-classes,Beginners Photography Classes - 5 Weekly Evening Classes,landing
https://www.alanranger.com/photo-editing-course-coventry,Lightroom Photo Editing Course - 4 Weekly Evening Classes,landing
https://www.alanranger.com/intentions-course-six-month-photography-project,Intentions Photography Project Course | Intermediates,landing
https://www.alanranger.com/rps-courses-mentoring-distinctions,RPS Courses - Mentoring Guidance on gaining a LRPS or ARPS,landing
https://www.alanranger.com/photography-masterclasses-online,Photography Masterclasses | Online or Coventry | Learn Today,landing
https://www.alanranger.com/jaguar-land-rover-els,Jaguar Land Rover ELS | Training Vouchers For Employees,landing
https://www.alanranger.com/landscape-photography-workshops,Landscape Photography Workshops UK &mdash; Inspiring Locations,landing
https://www.alanranger.com/fine-art-prints,Fine Art Prints - Landscape photos for the home or office,landing
https://www.alanranger.com/photography-shop-services,Photography Shop Services for tuition across the UK,landing
https://www.alanranger.com/beginners-portrait-photography-course,Beginners Portrait Photography Course | 1 Day | Coventry,landing
https://www.alanranger.com/my-ethical-policy,Teaching Photography with an Ethical Policy: Alan Ranger,landing
https://www.alanranger.com/one-day-landscape-photography-workshops,One Day Landscape Photography Workshops UK | 2024 - 2025,landing
https://www.alanranger.com/photography-workshops-near-me,Landscape Photography workshops near me - UK - 2024-2025,landing
https://www.alanranger.com/photography-presents-for-photographers,Photography presents - Gift Voucher ideas for him or her -,landing
https://www.alanranger.com/help-site-map,Help - Quick Links to website pages | Learn Photography,landing
https://www.alanranger.com/contact-us-alan-ranger-photography,Contact Us Today Form By Email - Alan Ranger Photography,landing
https://www.alanranger.com/corporate-photography-training,Enhance Your Business with Corporate Photography Training,landing
https://www.alanranger.com/professional-commercial-photographer-coventry,Commercial Photographer Coventry | For Professional Results,landing
https://www.alanranger.com/professional-photographer-near-me,Portrait Photographer - Professional Photographer Near me,landing
https://www.alanranger.com/photography-lessons-online-121,Learn Photography from Home | Photography Lessons Online,landing
https://www.alanranger.com/free-online-photography-course,Free Online Photography Course - Online Photography Academy,landing
https://www.alanranger.com/which-photography-style-is-right-for-you,Which photography style is right for you? -Discover more,landing
https://www.alanranger.com/outdoor-photography-exposure-calculator,Outdoor Exposure Calculator - Know Your Exposure Values,landing
https://www.alanranger.com/photography-services-near-me,"Photography Services | workshops, courses, 1-2-1 | mentoring",service
https://www.alanranger.com/photography-services-near-me/premium-photography-academy-membership,Premium Photography Academy Membership Subscription,service
https://www.alanranger.com/photography-services-near-me/photography-foundation-course-ebook,Alan Ranger Academy - Photography Foundation Course eBook,service
https://www.alanranger.com/photography-services-near-me/camera-settings-photography-field-checklists,15 Camera Settings &mdash; Photography Field Checklists PDF Bundle,service
https://www.alanranger.com/photography-services-near-me/composition-settings-photography-field-checklists,10 Composition PDFs &mdash; Photography Field Checklists Bundle,service
https://www.alanranger.com/photography-services-near-me/photography-genre-photography-field-checklists,10 Genre PDFs &mdash; Photography Field Checklists Bundle,service
https://www.alanranger.com/photography-services-near-me/photography-35bundle-photography-field-checklists,35 PDFs &mdash; 1 Page Photography Field Checklists Bundle,service
https://www.alanranger.com/photography-services-near-me/composition-viewing-frames,Viewing Frames for Composition | Used by Professionals,service
https://www.alanranger.com/photography-services-near-me/beginners-portrait-photography-course,Beginners Portrait Photography Course - Coventry - 1 Day,service
https://www.alanranger.com/photography-services-near-me/framed-fine-art-photography-prints,Framed Fine Art Photography Prints - Multiple Sizes,service
https://www.alanranger.com/photography-services-near-me/fine-art-photography-prints-unframed,Fine Art Photography Prints - Unframed Prints - Multi Sizes,service
https://www.alanranger.com/photography-services-near-me/fine-art-photography-prints-canvas,Fine Art Photography Prints - Canvas wrap-round - Multi Size,service
https://www.alanranger.com/photography-services-near-me/intermediates-intentions-photography-project-course,Intermediates Intentions Photography Project Course,service
https://www.alanranger.com/photography-services-near-me/beginners-photography-course,Beginners Photography Course | 3 Weekly Evening Classes,service
https://www.alanranger.com/photography-services-near-me/monthly-online-photography-mentoring,Monthly Photography Mentoring Sessions - Online - Zoom,service
https://www.alanranger.com/photography-services-near-me/annual-pick-n-mix-subscription,Annual Pick N Mix Subscription | Interest Free Payment Plan,service
https://www.alanranger.com/photography-services-near-me/quarterly-pick-n-mix-subscription,Quarterly Pick N Mix Subscription | Interest Free Payments,service
https://www.alanranger.com/photography-services-near-me/monthly-pick-n-mix-subscription,Monthly Pick N Mix Subscription | Interest Free Payment Plan,service
https://www.alanranger.com/photography-services-near-me/four-private-photography-classes,4 x 2hr Private Photography Classes - Face to Face Coventry,service
https://www.alanranger.com/photography-services-near-me/private-online-photography-classes-zoom,Online Photography Classes 121 - Zoom - Package Options,service
https://www.alanranger.com/photography-services-near-me/photography-gift-vouchers,Photography Gift Vouchers | Digital eCard | Email Delivery,service
https://www.alanranger.com/photography-services-near-me/photography-tips-pocket-guide-series,Photography Tips Pocket Guides - Professional Tips,service
https://www.alanranger.com/photography-services-near-me/camera-sensor-clean,Professional Digital DSLR Camera Sensor Clean | Coventry,service
https://www.alanranger.com/photography-services-near-me/photo-print-preparation-service-30min,Photo Print Preparation Service 30-min – File Check &amp; Advice,service
https://www.alanranger.com/photography-services-near-me/rps-mentoring-photography-course,RPS Courses - Independent RPS Mentoring for RPS Distinctions,service
https://www.alanranger.com/photography-services-near-me/lightroom-courses-for-beginners-coventry,Lightroom Courses for Beginners Photo Editing - Coventry,service
https://www.alanranger.com/photography-services-near-me/black-and-white-photography-course,Professional Black and White Photography Course | Coventry,service
https://www.alanranger.com/photo-workshops-uk,Photo Workshops UK | Landscape Photography Workshops,landing
https://www.alanranger.com/photo-workshops-uk/landscape-photography-wales-photo-workshop,GOWER Landscape Photography Wales - 30 Jan - 1 Feb 2026,service
https://www.alanranger.com/photo-workshops-uk/garden-photography-workshop,The Art of GARDEN PHOTOGRAPHY - Coventry - May and July,service
https://www.alanranger.com/photo-workshops-uk/somerset-landscape-photography-workshops,SOMERSET Landscape Photography Workshops 9 - 11 May 2025,service
https://www.alanranger.com/photo-workshops-uk/long-exposure-photography-kenilworth,Long Exposure Photography Workshop KENILWORTH Sunset,service
https://www.alanranger.com/photo-workshops-uk/urban-architecture-photography-workshops-coventry,URBAN ARCHITECTURE Photography Workshops - Coventry 24 Sep,service
https://www.alanranger.com/photo-workshops-uk/dorset-landscape-photography-workshop,DORSET Landscape Photography Workshop Purbeck 16 - 18 Jan,service
https://www.alanranger.com/photo-workshops-uk/landscape-photography-snowdonia-workshops,Landscape Photography Snowdonia Workshops | Wales |,service
https://www.alanranger.com/photo-workshops-uk/dartmoor-photography-landscape-workshop,DARTMOOR Photography Workshop - Landscapes - 9th - 11th Oct,service
https://www.alanranger.com/photo-workshops-uk/wales-photography-workshop-pistyll-rhaeadr,WALES Photography Workshop | Lake Vyrnwy 29 - 30 Nov,service
https://www.alanranger.com/photo-workshops-uk/north-yorkshire-landscape-photography,NORTH YORKSHIRE Landscape Photography Workshop - Mar 2026,service
https://www.alanranger.com/photo-workshops-uk/suffolk-landscape-photography-workshops,Suffolk Landscape Photography Workshops | Southwold,service
https://www.alanranger.com/photo-workshops-uk/yorkshire-dales-photography-workshops,Landscape YORKSHIRE DALES Photography Workshop - 10 - 12 Apr,service
https://www.alanranger.com/photo-workshops-uk/abstract-and-macro-photography-workshops,Macro Photography Workshop - Abstract and Macro Warwickshire,service
https://www.alanranger.com/photo-workshops-uk/sezincote-garden-photography-workshop,SEZINCOTE Garden Photography Workshop - Gloucs 29 May,service
https://www.alanranger.com/photo-workshops-uk/ireland-photography-workshops-dingle,KERRY - Southern Ireland Photography Workshop - Mar 2026,service
https://www.alanranger.com/photo-workshops-uk/landscape-photography-workshop-norfolk,Landscape Photography Workshop NORFOLK - Coastal 13 - 15 Feb,service
https://www.alanranger.com/photo-workshops-uk/landscape-photography-workshops-nant-mill,NANT MILL Woodlands and Waterfalls Photo Workshop 30 May,service
https://www.alanranger.com/photo-workshops-uk/coastal-northumberland-photography-workshops,NORTHUMBERLAND Photography Workshops - Feb 26 - Mar 1,service
https://www.alanranger.com/photo-workshops-uk/landscape-photography-workshops-anglesey,Landscape Photography Workshop Anglesey Island | Wales,service
https://www.alanranger.com/photo-workshops-uk/landscape-peak-district-photography-workshops-derbyshire,"PEAK DISTRICT Photography Workshops - May, Oct and Nov",service
https://www.alanranger.com/photo-workshops-uk/peak-district-heather-photography-workshop,PEAK DISTRICT HEATHER Photography Workshops - 15-16 Aug,service
https://www.alanranger.com/photo-workshops-uk/lake-district-photography-workshop,LAKE DISTRICT Photography Workshops - Jan - Mar - Sep - Nov,service
https://www.alanranger.com/photo-workshops-uk/photography-workshops-lavender-fields,LAVENDER FIELD Photography Workshop - Gloucestershire July,service
https://www.alanranger.com/photo-workshops-uk/long-exposure-photography-workshops-burnham,BURNHAM ON SEA Long Exposure Photography Workshop 2 May,service
https://www.alanranger.com/photo-workshops-uk/long-exposure-photography-workshop-fairy-glen,FAIRY GLEN and Fairy Falls Long Exposure Photography,service
https://www.alanranger.com/photo-workshops-uk/landscape-photography-devon-hartland-quay,Landscape Photography DEVON Workshops - Various Dates,service
https://www.alanranger.com/photo-workshops-uk/exmoor-photography-workshops-lynmouth,Exmoor Photography Workshops - Lynmouth - Seascapes,service
https://www.alanranger.com/photo-workshops-uk/photography-workshops-chesterton-windmill,Photography Workshops CHESTERTON WINDMILL - Warwickshire,service
https://www.alanranger.com/photo-workshops-uk/bluebell-woodlands-photography-workshops,BLUEBELL WOODLANDS Photography - Warks - 20 Apr- 01 May,service
https://www.alanranger.com/photo-workshops-uk/batsford-arboretum-photography-workshops,BATSFORD Arboretum Autumn Photography Workshops 24 - 31 Oct,service
https://www.alanranger.com/photo-workshops-uk/woodland-photography-walk-warwickshire,WARWICKSHIRE Woodland PHOTOGRAPHY WALKS - Monthly - 2hrs,service
https://www.alanranger.com/photo-workshops-uk/secrets-of-woodland-photography-workshop,"The Secret of WOODLAND PHOTOGRAPHY- 1-Day Jan, Apr, Aug, Oct",service
