url,title
https://www.alanranger.com/photographic-workshops-near-me,Landscape Photographic Workshops Near Me | UK | 2025-2026
https://www.alanranger.com/beginners-photography-lessons,beginners photography lessons - Coventry and Online
https://www.alanranger.com/blog-on-photography,"Alan Ranger Blog On Photography - Tips, Offers and News"
https://www.alanranger.com/home,Alan Ranger Photography | Workshops | Classes | Commercial
https://www.alanranger.com/photography-gift-vouchers,Photography Gift Vouchers - Buy Online Use against any event
https://www.alanranger.com/newsletter-signup-form,Newsletter Signup - Don&#39;t miss an update from Alan Ranger
https://www.alanranger.com/private-photography-lessons,Private Photography Lessons Near Me - Face to Face Coventry
https://www.alanranger.com/photography-mentoring-online-assignments,Photography Mentoring Online - Monthly Assignments
https://www.alanranger.com/photography-payment-plan,Pick N Mix Photography Payment Plan - Tuition Packages
https://www.alanranger.com/awards-and-qualifications,Qualifications and Accreditation | Alan Ranger Photography
https://www.alanranger.com/terms-and-conditions,The Legal Stuff - Alan Ranger Terms and Conditions
https://www.alanranger.com/free-photography-tips,Photography Tips | Learn Photography with Free Pro Tips
https://www.alanranger.com/about-alan-ranger,About Alan Ranger - Professional Photographer and Tutor
https://www.alanranger.com/photography-special-offers,Photography Special Offers | Tuition Services | Deals
https://www.alanranger.com/photography-tuition-services,Photography Tuition Services - Any Level - Any Budget
https://www.alanranger.com/photography-equipment-recommendations,Photography Equipment - Recommended products on Amazon
https://www.alanranger.com/course-finder-photography-classes-near-me,Best Photography Classes Near Me - Course Finder - Coventry
https://www.alanranger.com/photography-workshops,Best UK Outdoor Landscape Photography Workshops | Book Now
https://www.alanranger.com/website-terms-and-conditions,Website Terms and Conditions - Alan Ranger Photography
https://www.alanranger.com/website-cookie-policy,Computer Browser Cookie Policy - Alan Ranger Photography
https://www.alanranger.com/data-privacy-policy,Data Privacy Policy - Alan Ranger Photography | PII
https://www.alanranger.com/copyright-policy-alan-ranger,Official Copyright Policy for Alan Ranger Photography
https://www.alanranger.com/testimonials-customer-reviews,Customer Reviews - What clients say about Alan Ranger
https://www.alanranger.com/bluebell-woods-near-me,Bluebell Woods Near Me - Bluebell Photoshoot and Workshops
https://www.alanranger.com/batsford-arboretum-photography,Batsford Arboretum Photography Workshops - Autumn Workshops
https://www.alanranger.com/schedule-an-appointment,Schedule an appointment with Alan Ranger Photography
https://www.alanranger.com/hire-a-professional-photographer-in-coventry,Hire A Professional Photographer In Coventry | Commercial
https://www.alanranger.com/gallery-image-portfolios,Photography Gallery - Image Portfolios By Alan Ranger
https://www.alanranger.com/photography-courses-coventry,Top Photography Courses Coventry - Or Online With a Pro
https://www.alanranger.com/beginners-photography-classes,Beginners Photography Classes - 5 Weekly Evening Classes
https://www.alanranger.com/photo-editing-course-coventry,Lightroom Photo Editing Course - 4 Weekly Evening Classes
https://www.alanranger.com/intentions-course-six-month-photography-project,Intentions Photography Project Course | Intermediates
https://www.alanranger.com/rps-courses-mentoring-distinctions,RPS Courses - Mentoring Guidance on gaining a LRPS or ARPS
https://www.alanranger.com/photography-masterclasses-online,Photography Masterclasses | Online or Coventry | Learn Today
https://www.alanranger.com/jaguar-land-rover-els,Jaguar Land Rover ELS | Training Vouchers For Employees
https://www.alanranger.com/landscape-photography-workshops,Landscape Photography Workshops UK &mdash; Inspiring Locations
https://www.alanranger.com/fine-art-prints,Fine Art Prints - Landscape photos for the home or office
https://www.alanranger.com/photography-shop-services,Photography Shop Services for tuition across the UK
https://www.alanranger.com/beginners-portrait-photography-course,Beginners Portrait Photography Course | 1 Day | Coventry
https://www.alanranger.com/my-ethical-policy,Teaching Photography with an Ethical Policy: Alan Ranger
https://www.alanranger.com/one-day-landscape-photography-workshops,One Day Landscape Photography Workshops UK | 2024 - 2025
https://www.alanranger.com/photography-workshops-near-me,Landscape Photography workshops near me - UK - 2024-2025
https://www.alanranger.com/photography-presents-for-photographers,Photography presents - Gift Voucher ideas for him or her -
https://www.alanranger.com/help-site-map,Help - Quick Links to website pages | Learn Photography
https://www.alanranger.com/contact-us-alan-ranger-photography,Contact Us Today Form By Email - Alan Ranger Photography
https://www.alanranger.com/corporate-photography-training,Enhance Your Business with Corporate Photography Training
https://www.alanranger.com/professional-commercial-photographer-coventry,Commercial Photographer Coventry | For Professional Results
https://www.alanranger.com/professional-photographer-near-me,Portrait Photographer - Professional Photographer Near me
https://www.alanranger.com/photography-lessons-online-121,Learn Photography from Home | Photography Lessons Online
https://www.alanranger.com/free-online-photography-course,Free Online Photography Course - Online Photography Academy
https://www.alanranger.com/which-photography-style-is-right-for-you,Which photography style is right for you? -Discover more
https://www.alanranger.com/outdoor-photography-exposure-calculator,Outdoor Exposure Calculator - Know Your Exposure Values
https://www.alanranger.com/1-page-checklists,1 Page Photography Field Checklists for a quick reference
https://www.alanranger.com/photography-services-near-me,"Photography Services | workshops, courses, 1-2-1 | mentoring"
https://www.alanranger.com/photo-workshops-uk,Photo Workshops UK | Landscape Photography Workshops
